youtube-u-growth,DensePull,dynamic-vertex-parallel,boolean-array,false,0,1.0779309272766113,0.014803
youtube-u-growth,DensePull-SparsePush,dynamic-vertex-parallel,boolean-array,false,5,1.1617615222930908,0.012021
youtube-u-growth,DensePull,static-vertex-parallel,bitvector,false,10,1.1971075534820557,0.026862
youtube-u-growth,DensePull-SparsePush,serial,boolean-array,false,0,1.138908863067627,0.058204
youtube-u-growth,DensePull,edge-aware-dynamic-vertex-parallel,boolean-array,false,15,1.3647098541259766,0.206034
youtube-u-growth,SparsePush-DensePull,serial,boolean-array,false,10,1.2250025272369385,0.066845
youtube-u-growth,DensePull,edge-aware-dynamic-vertex-parallel,bitvector,false,0,1.231168508529663,0.149843
youtube-u-growth,DensePull,dynamic-vertex-parallel,bitvector,false,0,1.1046056747436523,0.02036
youtube-u-growth,DensePull-SparsePush,edge-aware-dynamic-vertex-parallel,bitvector,false,10,1.2355577945709229,0.076721
youtube-u-growth,DensePull,edge-aware-dynamic-vertex-parallel,boolean-array,false,20,1.381781816482544,0.225144
youtube-u-growth,DensePull-SparsePush,static-vertex-parallel,bitvector,false,5,1.168449878692627,0.012992
youtube-u-growth,DensePull,serial,boolean-array,false,5,1.3089306354522705,0.162859
youtube-u-growth,DensePull-SparsePush,dynamic-vertex-parallel,bitvector,false,5,1.1659908294677734,0.013205
youtube-u-growth,SparsePush-DensePull,serial,bitvector,false,0,1.1281497478485107,0.050625
youtube-u-growth,DensePull,serial,bitvector,false,0,1.1877906322479248,0.114081
youtube-u-growth,SparsePush-DensePull,edge-aware-dynamic-vertex-parallel,boolean-array,false,0,1.1588001251220703,0.070064
youtube-u-growth,DensePull-SparsePush,dynamic-vertex-parallel,boolean-array,false,0,1.0973007678985596,0.010158
youtube-u-growth,DensePull,dynamic-vertex-parallel,bitvector,false,20,1.1978557109832764,0.030818
youtube-u-growth,SparsePush-DensePull,dynamic-vertex-parallel,boolean-array,false,0,1.0910465717315674,0.01018
youtube-u-growth,SparsePush-DensePull,static-vertex-parallel,boolean-array,false,0,1.085414171218872,0.01031
youtube-u-growth,DensePull-SparsePush,serial,bitvector,false,15,1.2338004112243652,0.073345
youtube-u-growth,SparsePush-DensePull,static-vertex-parallel,bitvector,false,10,1.1718215942382812,0.012596
youtube-u-growth,SparsePush-DensePull,serial,bitvector,false,10,1.2251899242401123,0.068289
youtube-u-growth,DensePull-SparsePush,serial,bitvector,false,0,1.1337110996246338,0.050805
youtube-u-growth,DensePull-SparsePush,static-vertex-parallel,boolean-array,false,0,1.0922167301177979,0.010388
dblp_coauthor,DensePull-SparsePush,dynamic-vertex-parallel,boolean-array,false,20,3.8053126335144043,0.011622
dblp_coauthor,DensePull-SparsePush,static-vertex-parallel,boolean-array,false,5,3.774599552154541,0.010628
dblp_coauthor,SparsePush-DensePull,serial,boolean-array,false,10,3.8354713916778564,0.075891
dblp_coauthor,DensePull-SparsePush,static-vertex-parallel,boolean-array,false,0,3.6492373943328857,0.009043
dblp_coauthor,DensePull-SparsePush,dynamic-vertex-parallel,boolean-array,false,15,3.808541774749756,0.011889
dblp_coauthor,SparsePush,static-vertex-parallel,boolean-array,false,0,3.6399965286254883,0.041797
dblp_coauthor,DensePull-SparsePush,dynamic-vertex-parallel,boolean-array,false,5,3.7614386081695557,0.010189
dblp_coauthor,SparsePush-DensePull,static-vertex-parallel,boolean-array,false,20,3.8071305751800537,0.012066
dblp_coauthor,SparsePush,serial,boolean-array,false,0,3.821138620376587,0.219478
dblp_coauthor,DensePull-SparsePush,static-vertex-parallel,bitvector,false,0,3.6477115154266357,0.009405
dblp_coauthor,DensePull,edge-aware-dynamic-vertex-parallel,bitvector,false,20,4.101092338562012,0.314211
dblp_coauthor,SparsePush-DensePull,dynamic-vertex-parallel,boolean-array,false,20,3.809208631515503,0.012181
dblp_coauthor,SparsePush-DensePull,edge-aware-dynamic-vertex-parallel,boolean-array,false,15,3.8847968578338623,0.078286
dblp_coauthor,SparsePush-DensePull,dynamic-vertex-parallel,bitvector,false,15,3.8062808513641357,0.01309
dblp_coauthor,DensePull-SparsePush,edge-aware-dynamic-vertex-parallel,boolean-array,false,20,4.010788679122925,0.082001
dblp_coauthor,DensePush-SparsePush,dynamic-vertex-parallel,boolean-array,false,0,3.681746482849121,0.055617
dblp_coauthor,SparsePush-DensePull,static-vertex-parallel,bitvector,false,5,3.7614572048187256,0.011071
dblp_coauthor,SparsePush-DensePull,static-vertex-parallel,bitvector,false,15,3.795245409011841,0.012936
dblp_coauthor,DensePull-SparsePush,edge-aware-dynamic-vertex-parallel,bitvector,false,20,3.8508803844451904,0.079119
dblp_coauthor,DensePull-SparsePush,edge-aware-dynamic-vertex-parallel,bitvector,false,15,3.861647129058838,0.076842
dblp_coauthor,DensePull,edge-aware-dynamic-vertex-parallel,boolean-array,false,10,4.039215326309204,0.270453
dblp_coauthor,SparsePush-DensePull,static-vertex-parallel,bitvector,false,10,3.76865291595459,0.01201
dblp_coauthor,SparsePush-DensePull,serial,boolean-array,false,0,3.694739580154419,0.056031
dblp_coauthor,SparsePush-DensePull,edge-aware-dynamic-vertex-parallel,bitvector,false,15,3.8395209312438965,0.07666
dblp_coauthor,SparsePush-DensePull,dynamic-vertex-parallel,boolean-array,false,10,3.7760448455810547,0.011169
soc-LiveJournal1,DensePush-SparsePush,static-vertex-parallel,boolean-array,false,0,8.54158616065979,0.20709
soc-LiveJournal1,DensePull-SparsePush,dynamic-vertex-parallel,boolean-array,false,10,8.892982482910156,0.034638
soc-LiveJournal1,SparsePush-DensePull,serial,boolean-array,false,15,9.08115267753601,0.232135
soc-LiveJournal1,DensePull,dynamic-vertex-parallel,boolean-array,false,20,9.112649202346802,0.104938
soc-LiveJournal1,SparsePush-DensePull,static-vertex-parallel,boolean-array,false,0,8.399695873260498,0.030663
soc-LiveJournal1,SparsePush-DensePull,static-vertex-parallel,bitvector,false,5,8.824468851089478,0.031659
soc-LiveJournal1,DensePull,serial,boolean-array,false,10,9.654222249984741,0.771515
soc-LiveJournal1,SparsePush-DensePull,dynamic-vertex-parallel,bitvector,false,10,8.857087850570679,0.035945
soc-LiveJournal1,DensePull,static-vertex-parallel,boolean-array,false,15,9.055097341537476,0.098573
soc-LiveJournal1,DensePull,dynamic-vertex-parallel,boolean-array,false,5,8.910259008407593,0.095709
soc-LiveJournal1,DensePull-SparsePush,dynamic-vertex-parallel,boolean-array,false,15,8.933932304382324,0.037518
soc-LiveJournal1,DensePull,serial,bitvector,false,5,9.417510747909546,0.62987
soc-LiveJournal1,SparsePush-DensePull,serial,boolean-array,false,20,9.126138925552368,0.254012
soc-LiveJournal1,DensePull,static-vertex-parallel,bitvector,false,20,9.053314685821533,0.112491
soc-LiveJournal1,DensePull,dynamic-vertex-parallel,bitvector,false,0,8.422008752822876,0.087289
soc-LiveJournal1,DensePull-SparsePush,static-vertex-parallel,boolean-array,false,20,8.926992893218994,0.037689
soc-LiveJournal1,DensePull,edge-aware-dynamic-vertex-parallel,boolean-array,false,5,9.44113564491272,0.685732
soc-LiveJournal1,SparsePush-DensePull,static-vertex-parallel,boolean-array,false,15,8.94992733001709,0.036047
soc-LiveJournal1,SparsePush-DensePull,dynamic-vertex-parallel,boolean-array,false,5,8.841819047927856,0.030887
soc-LiveJournal1,SparsePush-DensePull,dynamic-vertex-parallel,boolean-array,false,10,8.96515417098999,0.033219
soc-LiveJournal1,DensePull-SparsePush,serial,boolean-array,false,10,9.04743480682373,0.215237
soc-LiveJournal1,SparsePush-DensePull,edge-aware-dynamic-vertex-parallel,boolean-array,false,10,9.06052017211914,0.229517
soc-LiveJournal1,DensePull-SparsePush,edge-aware-dynamic-vertex-parallel,boolean-array,false,10,9.09924054145813,0.231624
soc-LiveJournal1,SparsePush-DensePull,edge-aware-dynamic-vertex-parallel,bitvector,false,10,9.083279848098755,0.223496
soc-LiveJournal1,DensePull,serial,bitvector,false,15,9.72276520729065,0.808024
orkut-links,DensePull-SparsePush,dynamic-vertex-parallel,bitvector,false,10,14.213750839233398,0.01372
orkut-links,DensePull-SparsePush,dynamic-vertex-parallel,bitvector,false,5,14.169206619262695,0.01238
orkut-links,DensePull-SparsePush,static-vertex-parallel,boolean-array,false,20,14.37606430053711,0.01352
orkut-links,DensePull,dynamic-vertex-parallel,boolean-array,false,10,14.31232476234436,0.092972
orkut-links,DensePull-SparsePush,edge-aware-dynamic-vertex-parallel,boolean-array,false,15,14.336808919906616,0.050002
orkut-links,DensePull,serial,boolean-array,false,20,15.308091640472412,1.01376
orkut-links,DensePull,dynamic-vertex-parallel,boolean-array,false,0,13.524092674255371,0.090842
orkut-links,DensePull-SparsePush,dynamic-vertex-parallel,boolean-array,false,20,14.377915382385254,0.012804
orkut-links,DensePull-SparsePush,serial,boolean-array,false,5,14.11586308479309,0.047602
orkut-links,DensePull,static-vertex-parallel,boolean-array,false,0,13.565081596374512,0.082766
orkut-links,SparsePush-DensePull,static-vertex-parallel,bitvector,false,15,14.318264722824097,0.013655
orkut-links,SparsePush-DensePull,edge-aware-dynamic-vertex-parallel,boolean-array,false,20,14.294302463531494,0.055295
orkut-links,DensePull-SparsePush,edge-aware-dynamic-vertex-parallel,bitvector,false,10,14.144989967346191,0.047507
orkut-links,DensePush-SparsePush,static-vertex-parallel,boolean-array,false,0,13.719528675079346,0.296286
orkut-links,SparsePush-DensePull,dynamic-vertex-parallel,boolean-array,false,5,14.11793041229248,0.011753
orkut-links,DensePull-SparsePush,edge-aware-dynamic-vertex-parallel,boolean-array,false,0,13.58635139465332,0.051529
orkut-links,DensePull-SparsePush,dynamic-vertex-parallel,bitvector,false,20,14.339637994766235,0.014155
orkut-links,DensePull,static-vertex-parallel,boolean-array,false,20,14.484166145324707,0.09872
orkut-links,SparsePush-DensePull,dynamic-vertex-parallel,boolean-array,false,10,14.141071796417236,0.012043
orkut-links,DensePull-SparsePush,serial,bitvector,false,10,14.196710586547852,0.051641
orkut-links,SparsePush,serial,boolean-array,false,0,14.296201944351196,0.770411
orkut-links,DensePull-SparsePush,static-vertex-parallel,bitvector,false,20,14.373142719268799,0.013758
orkut-links,DensePull-SparsePush,serial,boolean-array,false,20,14.295395851135254,0.057556
orkut-links,DensePull,dynamic-vertex-parallel,boolean-array,false,20,14.435342073440552,0.098593
orkut-links,DensePull-SparsePush,edge-aware-dynamic-vertex-parallel,bitvector,false,20,14.3638756275177,0.055751
roadNet-CA,DensePull-SparsePush,dynamic-vertex-parallel,boolean-array,false,0,0.3138251304626465,0.000224
roadNet-CA,SparsePush-DensePull,edge-aware-dynamic-vertex-parallel,boolean-array,false,15,0.3387131690979004,0.000257
roadNet-CA,DensePull,serial,bitvector,false,20,0.6242287158966064,0.28616
roadNet-CA,DensePull-SparsePush,dynamic-vertex-parallel,bitvector,false,20,0.33785223960876465,0.000237
roadNet-CA,DensePull,serial,bitvector,false,15,0.6275529861450195,0.288847
roadNet-CA,DensePull-SparsePush,static-vertex-parallel,boolean-array,false,0,0.31509828567504883,0.000231
roadNet-CA,SparsePush-DensePull,edge-aware-dynamic-vertex-parallel,boolean-array,false,20,0.33794283866882324,0.000244
roadNet-CA,DensePull,edge-aware-dynamic-vertex-parallel,boolean-array,false,10,0.6395835876464844,0.297902
roadNet-CA,SparsePush-DensePull,dynamic-vertex-parallel,bitvector,false,20,0.3382713794708252,0.000253
roadNet-CA,DensePull-SparsePush,static-vertex-parallel,boolean-array,false,5,0.33725738525390625,0.000274
roadNet-CA,SparsePush-DensePull,serial,boolean-array,false,0,0.31552863121032715,0.000181
roadNet-CA,DensePull-SparsePush,edge-aware-dynamic-vertex-parallel,boolean-array,false,10,0.3389904499053955,0.000289
roadNet-CA,SparsePush-DensePull,serial,bitvector,false,5,0.3379082679748535,0.000181
roadNet-CA,DensePull,edge-aware-dynamic-vertex-parallel,bitvector,false,5,0.634371280670166,0.295118
roadNet-CA,DensePull,serial,boolean-array,false,10,0.6087970733642578,0.27012
roadNet-CA,DensePull,edge-aware-dynamic-vertex-parallel,bitvector,false,20,0.6344566345214844,0.295075
roadNet-CA,DensePull,serial,boolean-array,false,5,0.6087653636932373,0.270845
roadNet-CA,SparsePush-DensePull,static-vertex-parallel,boolean-array,false,10,0.3391590118408203,0.000269
roadNet-CA,DensePush-SparsePush,dynamic-vertex-parallel,boolean-array,false,0,0.3147251605987549,0.000264
roadNet-CA,SparsePush-DensePull,dynamic-vertex-parallel,boolean-array,false,10,0.3366541862487793,0.000233
roadNet-CA,DensePull-SparsePush,static-vertex-parallel,boolean-array,false,20,0.33824825286865234,0.000247
roadNet-CA,SparsePush-DensePull,edge-aware-dynamic-vertex-parallel,bitvector,false,20,0.338886022567749,0.000286
roadNet-CA,DensePull-SparsePush,edge-aware-dynamic-vertex-parallel,bitvector,false,0,0.3154568672180176,0.00025
roadNet-CA,DensePull,dynamic-vertex-parallel,boolean-array,false,15,0.36510610580444336,0.025564
roadNet-CA,DensePull,serial,bitvector,false,0,0.5402698516845703,0.228602
